<?xml version="1.0" encoding="UTF-8"?>
<project-private xmlns="http://www.netbeans.org/ns/project-private/1">
    <editor-bookmarks xmlns="http://www.netbeans.org/ns/editor-bookmarks/2" lastBookmarkId="0"/>
    <open-files xmlns="http://www.netbeans.org/ns/projectui-open-files/2">
        <group>
            <file>file:/C:/Users/ADMIN/Documents/NetBeansProjects/JavaApplication156/src/javaapplication156/BookProduct.java</file>
            <file>file:/C:/Users/ADMIN/Documents/NetBeansProjects/JavaApplication156/src/javaapplication156/ClothingProduct.java</file>
            <file>file:/C:/Users/ADMIN/Documents/NetBeansProjects/JavaApplication156/src/javaapplication156/Product.java</file>
            <file>file:/C:/Users/ADMIN/Documents/NetBeansProjects/JavaApplication156/src/javaapplication156/ElectronicProduct.java</file>
            <file>file:/C:/Users/ADMIN/Documents/NetBeansProjects/JavaApplication156/src/javaapplication156/Customer.java</file>
            <file>file:/C:/Users/ADMIN/Documents/NetBeansProjects/JavaApplication156/src/javaapplication156/Order.java</file>
            <file>file:/C:/Users/ADMIN/Documents/NetBeansProjects/JavaApplication156/src/javaapplication156/EcommerceSystem.java</file>
            <file>file:/C:/Users/ADMIN/Documents/NetBeansProjects/JavaApplication156/src/javaapplication156/Cart.java</file>
        </group>
    </open-files>
</project-private>
